{"cameraMode":{"drawMode":0,"name":"Shaded","section":"Shading Mode"},"sceneLighting":false,"audioPlay":false,"sceneViewState":{"showFog":true,"showMaterialUpdate":false,"showSkybox":true,"showFlares":true,"showImageEffects":true,"showParticleSystems":true},"in2DMode":false,"pivot":{"x":147.77700805664063,"y":-44.1400032043457,"z":356.70501708984377},"rotation":{"x":0.541140079498291,"y":0.22761937975883485,"z":-0.15502141416072846,"w":0.7945606708526611},"size":169.63232421875,"orthographic":false}