{"cameraMode":{"drawMode":0,"name":"Shaded","section":"Shading Mode"},"sceneLighting":false,"audioPlay":false,"sceneViewState":{"showFog":true,"showMaterialUpdate":false,"showSkybox":true,"showFlares":true,"showImageEffects":true,"showParticleSystems":true},"in2DMode":false,"pivot":{"x":1.6266188621520997,"y":0.2716705799102783,"z":-0.12635961174964906},"rotation":{"x":0.11700501292943955,"y":-0.8614314198493958,"z":0.23034226894378663,"w":0.43733087182044985},"size":2.0222361087799074,"orthographic":false}