{"cameraMode":{"drawMode":0,"name":"Shaded","section":"Shading Mode"},"sceneLighting":false,"audioPlay":false,"sceneViewState":{"showFog":true,"showMaterialUpdate":false,"showSkybox":true,"showFlares":true,"showImageEffects":true,"showParticleSystems":true},"in2DMode":false,"pivot":{"x":2.484527826309204,"y":1.205700159072876,"z":0.25730854272842409},"rotation":{"x":-0.4567287564277649,"y":-0.0047868466936051849,"z":0.0025029731914401056,"w":-0.8896157741546631},"size":9.022092819213868,"orthographic":false}