{"cameraMode":{"drawMode":0,"name":"Shaded","section":"Shading Mode"},"sceneLighting":false,"audioPlay":false,"sceneViewState":{"showFog":true,"showMaterialUpdate":false,"showSkybox":true,"showFlares":true,"showImageEffects":true,"showParticleSystems":true},"in2DMode":false,"pivot":{"x":14.45010757446289,"y":29.149999618530275,"z":341.9423522949219},"rotation":{"x":0.2548442780971527,"y":0.7385641932487488,"z":-0.3802899122238159,"w":0.4949358403682709},"size":23.89768409729004,"orthographic":true}