{"cameraMode":{"drawMode":0,"name":"Shaded","section":"Shading Mode"},"sceneLighting":false,"audioPlay":false,"sceneViewState":{"showFog":true,"showMaterialUpdate":false,"showSkybox":true,"showFlares":true,"showImageEffects":true,"showParticleSystems":true},"in2DMode":false,"pivot":{"x":0.7839999794960022,"y":1.1779999732971192,"z":-0.699999988079071},"rotation":{"x":0.4063985347747803,"y":0.5013562440872192,"z":-0.2879897356033325,"w":0.7074937224388123},"size":0.8573652505874634,"orthographic":false}