{"cameraMode":{"drawMode":0,"name":"Shaded","section":"Shading Mode"},"sceneLighting":false,"audioPlay":false,"sceneViewState":{"showFog":true,"showMaterialUpdate":false,"showSkybox":true,"showFlares":true,"showImageEffects":true,"showParticleSystems":true},"in2DMode":false,"pivot":{"x":-0.22491508722305299,"y":1.532787799835205,"z":3.1119251251220705},"rotation":{"x":-0.00955528300255537,"y":-0.9769570827484131,"z":0.20855261385440827,"w":-0.045205239206552508},"size":10.454690933227539,"orthographic":false}