{"cameraMode":{"drawMode":0,"name":"Shaded","section":"Shading Mode"},"sceneLighting":false,"audioPlay":false,"sceneViewState":{"showFog":true,"showMaterialUpdate":false,"showSkybox":true,"showFlares":true,"showImageEffects":true,"showParticleSystems":true},"in2DMode":false,"pivot":{"x":-2.5000009536743166,"y":0.03484826907515526,"z":-2.5000131130218508},"rotation":{"x":-0.02868765965104103,"y":-0.9311813116073608,"z":0.3556300103664398,"w":-0.07535912841558457},"size":11.667820930480957,"orthographic":false}