{"cameraMode":{"drawMode":0,"name":"Shaded","section":"Shading Mode"},"sceneLighting":false,"audioPlay":false,"sceneViewState":{"showFog":true,"showMaterialUpdate":false,"showSkybox":true,"showFlares":true,"showImageEffects":true,"showParticleSystems":true},"in2DMode":false,"pivot":{"x":-0.006870269775390625,"y":0.2784850001335144,"z":-0.014592170715332032},"rotation":{"x":-0.4567287564277649,"y":-0.0047868466936051849,"z":0.0025029731914401056,"w":-0.8896157741546631},"size":8.022851943969727,"orthographic":false}