{"cameraMode":{"drawMode":0,"name":"Shaded","section":"Shading Mode"},"sceneLighting":false,"audioPlay":false,"sceneViewState":{"showFog":true,"showMaterialUpdate":false,"showSkybox":true,"showFlares":true,"showImageEffects":true,"showParticleSystems":true},"in2DMode":false,"pivot":{"x":-0.17904922366142274,"y":-0.05846589803695679,"z":-0.02020120620727539},"rotation":{"x":0.0001747320784488693,"y":-0.9948199391365051,"z":0.10213710367679596,"w":0.0017746726516634226},"size":6.965143203735352,"orthographic":false}