{"cameraMode":{"drawMode":0,"name":"Shaded","section":"Shading Mode"},"sceneLighting":false,"audioPlay":false,"sceneViewState":{"showFog":true,"showMaterialUpdate":false,"showSkybox":true,"showFlares":true,"showImageEffects":true,"showParticleSystems":true},"in2DMode":false,"pivot":{"x":-5.960464477539063e-8,"y":-4.470348358154297e-8,"z":-0.024211730808019639},"rotation":{"x":-0.4567287564277649,"y":-0.0047868466936051849,"z":0.0025029731914401056,"w":-0.8896157741546631},"size":2.7192800045013429,"orthographic":false}