{"cameraMode":{"drawMode":0,"name":"Shaded","section":"Shading Mode"},"sceneLighting":true,"audioPlay":false,"sceneViewState":{"showFog":true,"showMaterialUpdate":false,"showSkybox":true,"showFlares":true,"showImageEffects":true,"showParticleSystems":true},"in2DMode":false,"pivot":{"x":24.54833984375,"y":62.7626953125,"z":320.988525390625},"rotation":{"x":0.175315260887146,"y":0.46423962712287905,"z":-0.09428886324167252,"w":0.8630641102790833},"size":6.446221351623535,"orthographic":true}