{"cameraMode":{"drawMode":0,"name":"Shaded","section":"Shading Mode"},"sceneLighting":false,"audioPlay":false,"sceneViewState":{"showFog":true,"showMaterialUpdate":false,"showSkybox":true,"showFlares":true,"showImageEffects":true,"showParticleSystems":true},"in2DMode":false,"pivot":{"x":0.0,"y":1.1804333925247193,"z":0.023412704467773439},"rotation":{"x":-0.4567287564277649,"y":-0.0047868466936051849,"z":0.0025029731914401056,"w":-0.8896157741546631},"size":5.0716729164123539,"orthographic":false}