{"cameraMode":{"drawMode":0,"name":"Shaded","section":"Shading Mode"},"sceneLighting":false,"audioPlay":false,"sceneViewState":{"showFog":true,"showMaterialUpdate":false,"showSkybox":true,"showFlares":true,"showImageEffects":true,"showParticleSystems":true},"in2DMode":false,"pivot":{"x":0.004524290561676025,"y":-0.6146132946014404,"z":-0.008449435234069825},"rotation":{"x":-0.4567287564277649,"y":-0.0047868466936051849,"z":0.0025029731914401056,"w":-0.8896157741546631},"size":2.511662006378174,"orthographic":false}