{"cameraMode":{"drawMode":0,"name":"Shaded","section":"Shading Mode"},"sceneLighting":true,"audioPlay":false,"sceneViewState":{"showFog":true,"showMaterialUpdate":false,"showSkybox":true,"showFlares":true,"showImageEffects":true,"showParticleSystems":true},"in2DMode":false,"pivot":{"x":29.06696128845215,"y":38.58272933959961,"z":326.08001708984377},"rotation":{"x":0.5091971158981323,"y":-0.31307822465896609,"z":0.20574551820755006,"w":0.7748352289199829},"size":316.1147155761719,"orthographic":true}