{"cameraMode":{"drawMode":0,"name":"Shaded","section":"Shading Mode"},"sceneLighting":false,"audioPlay":false,"sceneViewState":{"showFog":true,"showMaterialUpdate":false,"showSkybox":true,"showFlares":true,"showImageEffects":true,"showParticleSystems":true},"in2DMode":false,"pivot":{"x":13.850000381469727,"y":27.478086471557618,"z":342.2799987792969},"rotation":{"x":0.20166397094726563,"y":-0.696395218372345,"z":0.21448515355587007,"w":0.6545818448066711},"size":3.876802921295166,"orthographic":false}