{"cameraMode":{"drawMode":0,"name":"Shaded","section":"Shading Mode"},"sceneLighting":true,"audioPlay":false,"sceneViewState":{"showFog":true,"showMaterialUpdate":false,"showSkybox":true,"showFlares":true,"showImageEffects":true,"showParticleSystems":true},"in2DMode":false,"pivot":{"x":-36.12564468383789,"y":76.04380798339844,"z":257.1144104003906},"rotation":{"x":0.5090142488479614,"y":0.4901173710823059,"z":-0.47907769680023196,"w":0.5207597017288208},"size":56.530250549316409,"orthographic":true}