{"cameraMode":{"drawMode":0,"name":"Shaded","section":"Shading Mode"},"sceneLighting":false,"audioPlay":false,"sceneViewState":{"showFog":true,"showMaterialUpdate":false,"showSkybox":true,"showFlares":true,"showImageEffects":true,"showParticleSystems":true},"in2DMode":false,"pivot":{"x":15.747145652770996,"y":27.30036735534668,"z":340.27313232421877},"rotation":{"x":0.037153586745262149,"y":-0.9549747109413147,"z":0.2615288496017456,"w":0.13551028072834016},"size":3.876802921295166,"orthographic":false}