{"cameraMode":{"drawMode":0,"name":"Shaded","section":"Shading Mode"},"sceneLighting":true,"audioPlay":false,"sceneViewState":{"showFog":true,"showMaterialUpdate":false,"showSkybox":true,"showFlares":true,"showImageEffects":true,"showParticleSystems":true},"in2DMode":false,"pivot":{"x":-14.841599464416504,"y":65.26667022705078,"z":-12.706426620483399},"rotation":{"x":0.3126692771911621,"y":0.47307637333869936,"z":-0.18425177037715913,"w":0.8028047680854797},"size":179.303955078125,"orthographic":true}