{"cameraMode":{"drawMode":0,"name":"Shaded","section":"Shading Mode"},"sceneLighting":false,"audioPlay":false,"sceneViewState":{"showFog":true,"showMaterialUpdate":false,"showSkybox":true,"showFlares":true,"showImageEffects":true,"showParticleSystems":true},"in2DMode":false,"pivot":{"x":-0.0002524256706237793,"y":1.4109349250793458,"z":0.0},"rotation":{"x":0.04764123260974884,"y":-0.936846911907196,"z":0.14101317524909974,"w":0.31649884581565859},"size":6.071415424346924,"orthographic":true}