{"cameraMode":{"drawMode":0,"name":"Shaded","section":"Shading Mode"},"sceneLighting":false,"audioPlay":false,"sceneViewState":{"showFog":true,"showMaterialUpdate":false,"showSkybox":true,"showFlares":true,"showImageEffects":true,"showParticleSystems":true},"in2DMode":false,"pivot":{"x":0.26975756883621218,"y":0.6268888711929321,"z":-0.05206036567687988},"rotation":{"x":0.0007211463525891304,"y":-0.997428297996521,"z":-0.010164343751966954,"w":-0.07165540754795075},"size":3.065141439437866,"orthographic":false}