{"cameraMode":{"drawMode":0,"name":"Shaded","section":"Shading Mode"},"sceneLighting":false,"audioPlay":false,"sceneViewState":{"showFog":true,"showMaterialUpdate":false,"showSkybox":true,"showFlares":true,"showImageEffects":true,"showParticleSystems":true},"in2DMode":false,"pivot":{"x":188.35958862304688,"y":-53.63886642456055,"z":379.89630126953127},"rotation":{"x":-0.13822773098945619,"y":-0.8196441531181336,"z":0.2223479002714157,"w":-0.5095523595809937},"size":18.96184730529785,"orthographic":true}